ID_Date,AQI
AS_4_2022-12-04,58.100167901205300
AS_4_2022-12-05,55.45282009386660
AS_4_2022-12-06,52.77885752178410
AS_4_2022-12-07,54.09937719755050
AS_4_2022-12-08,53.34329736174900
AS_4_2022-12-09,53.4818546060257
AS_4_2022-12-10,53.8326100266855
AS_4_2022-12-11,53.94042375594840
AS_4_2022-12-12,53.4426915258158
AS_4_2022-12-13,53.442165132671100
AS_4_2022-12-14,53.374366463911200
AS_4_2022-12-15,53.22859294379840
AS_4_2022-12-16,53.12432069475370
AS_4_2022-12-17,53.10110183451720
AS_4_2022-12-18,52.97882807917000
AS_4_2022-12-19,52.86933175640810
AS_4_2022-12-20,52.78735471765250
AS_4_2022-12-21,52.6970571360657
AS_4_2022-12-22,52.59256325263470
AS_4_2022-12-23,52.505636842570000
AS_4_2022-12-24,52.41595194451170
AS_4_2022-12-25,52.32001340898820
AS_4_2022-12-26,52.22680051215350
AS_4_2022-12-27,52.13670671736040
AS_4_2022-12-28,52.0435600738186
AS_4_2022-12-29,51.951064989729
AS_4_2022-12-30,51.86006006124900
AS_4_2022-12-31,51.76858404506490
DL_4_2022-12-04,112.40300902362400
DL_4_2022-12-05,124.98916178396600
DL_4_2022-12-06,131.05255603073300
DL_4_2022-12-07,136.20633679184400
DL_4_2022-12-08,138.73788968560400
DL_4_2022-12-09,135.1534792900730
DL_4_2022-12-10,131.3292290457880
DL_4_2022-12-11,128.41545155942500
DL_4_2022-12-12,125.86112134288700
DL_4_2022-12-13,124.15693971786600
DL_4_2022-12-14,123.2457033835590
DL_4_2022-12-15,122.80061230150500
DL_4_2022-12-16,122.84391433478900
DL_4_2022-12-17,123.13572364063200
DL_4_2022-12-18,123.3916718085910
DL_4_2022-12-19,123.52433859020800
DL_4_2022-12-20,123.50644173142000
DL_4_2022-12-21,123.33689102257200
DL_4_2022-12-22,123.05869867052000
DL_4_2022-12-23,122.71186205829300
DL_4_2022-12-24,122.33119235933100
DL_4_2022-12-25,121.95187444318900
DL_4_2022-12-26,121.59542258706500
DL_4_2022-12-27,121.26848528358600
DL_4_2022-12-28,120.96962488537800
DL_4_2022-12-29,120.69208347965200
DL_4_2022-12-30,120.42735629415100
DL_4_2022-12-31,120.16808341412500
DL_6_2022-12-04,109.87952633702500
DL_6_2022-12-05,111.8404702725420
DL_6_2022-12-06,114.01548645852900
DL_6_2022-12-07,116.77811907053200
DL_6_2022-12-08,117.12350079711600
DL_6_2022-12-09,116.63225375204000
DL_6_2022-12-10,115.76678812987400
DL_6_2022-12-11,114.81237620433800
DL_6_2022-12-12,114.10257445599700
DL_6_2022-12-13,113.57679853082500
DL_6_2022-12-14,113.13183296352700
DL_6_2022-12-15,112.80333511101300
DL_6_2022-12-16,112.57163321237700
DL_6_2022-12-17,112.39890132504100
DL_6_2022-12-18,112.25757231750000
DL_6_2022-12-19,112.12185906100600
DL_6_2022-12-20,111.97899531838100
DL_6_2022-12-21,111.82734280266800
DL_6_2022-12-22,111.6663806823430
DL_6_2022-12-23,111.49681036375000
DL_6_2022-12-24,111.32072997674300
DL_6_2022-12-25,111.14041594786900
DL_6_2022-12-26,110.95800251974500
DL_6_2022-12-27,110.7750982443500
DL_6_2022-12-28,110.59257596494000
DL_6_2022-12-29,110.41082929294800
DL_6_2022-12-30,110.22997765566600
DL_6_2022-12-31,110.04996439847500
DL_8_2022-12-04,163.10879977075300
DL_8_2022-12-05,174.5395398786380
DL_8_2022-12-06,177.54909574503700
DL_8_2022-12-07,178.92825767123600
DL_8_2022-12-08,181.11714897975300
DL_8_2022-12-09,178.87002855265100
DL_8_2022-12-10,177.31049563086600
DL_8_2022-12-11,176.46848447317500
DL_8_2022-12-12,175.6578034040110
DL_8_2022-12-13,175.17606921545600
DL_8_2022-12-14,175.25840204220000
DL_8_2022-12-15,175.3563218853760
DL_8_2022-12-16,175.55210087019600
DL_8_2022-12-17,175.80553294537600
DL_8_2022-12-18,176.00788964722500
DL_8_2022-12-19,176.14547545422400
DL_8_2022-12-20,176.25613961776000
DL_8_2022-12-21,176.3271899089980
DL_8_2022-12-22,176.37839186057600
DL_8_2022-12-23,176.42703301265000
DL_8_2022-12-24,176.47708069659200
DL_8_2022-12-25,176.5307634476830
DL_8_2022-12-26,176.59142927939500
DL_8_2022-12-27,176.6568149938640
DL_8_2022-12-28,176.72511987591400
DL_8_2022-12-29,176.7951608285310
DL_8_2022-12-30,176.8655875156990
DL_8_2022-12-31,176.93550186546300
DL_12_2022-12-04,203.41851082509800
DL_12_2022-12-05,203.33502409654800
DL_12_2022-12-06,199.7268101806240
DL_12_2022-12-07,192.48643216640900
DL_12_2022-12-08,189.26745383048300
DL_12_2022-12-09,189.41959001979400
DL_12_2022-12-10,189.9843340829620
DL_12_2022-12-11,190.49901709034800
DL_12_2022-12-12,191.20876523480700
DL_12_2022-12-13,191.72367730057700
DL_12_2022-12-14,191.6990629693330
DL_12_2022-12-15,191.4083215211050
DL_12_2022-12-16,191.12826560635100
DL_12_2022-12-17,190.89842936087400
DL_12_2022-12-18,190.71878999000200
DL_12_2022-12-19,190.6113065927180
DL_12_2022-12-20,190.56148361581500
DL_12_2022-12-21,190.52419086769200
DL_12_2022-12-22,190.47448897274200
DL_12_2022-12-23,190.41050530162000
DL_12_2022-12-24,190.33460021564500
DL_12_2022-12-25,190.24994028076400
DL_12_2022-12-26,190.1622964436860
DL_12_2022-12-27,190.07667711052100
DL_12_2022-12-28,189.99448288145200
DL_12_2022-12-29,189.9149321476560
DL_12_2022-12-30,189.83693099715300
DL_12_2022-12-31,189.75946832206300
DL_13_2022-12-04,152.57251718902500
DL_13_2022-12-05,156.0066933882230
DL_13_2022-12-06,159.12620795865000
DL_13_2022-12-07,160.42858674288500
DL_13_2022-12-08,159.50519024954500
DL_13_2022-12-09,158.68950224557200
DL_13_2022-12-10,158.26097877104900
DL_13_2022-12-11,157.979279930442
DL_13_2022-12-12,157.64786979892000
DL_13_2022-12-13,157.303509747514
DL_13_2022-12-14,157.0213802162760
DL_13_2022-12-15,156.81486016437200
DL_13_2022-12-16,156.64104776704800
DL_13_2022-12-17,156.46807945403600
DL_13_2022-12-18,156.2887746173450
DL_13_2022-12-19,156.1064160152870
DL_13_2022-12-20,155.92247767107500
DL_13_2022-12-21,155.73596185887100
DL_13_2022-12-22,155.54640527978100
DL_13_2022-12-23,155.3548285761000
DL_13_2022-12-24,155.16259620026700
DL_13_2022-12-25,154.9705023817620
DL_13_2022-12-26,154.7787699306920
DL_13_2022-12-27,154.58740819547600
DL_13_2022-12-28,154.39641135621000
DL_13_2022-12-29,154.2057669050230
DL_13_2022-12-30,154.01543097225000
DL_13_2022-12-31,153.8253430362620
DL_18_2022-12-04,106.02974117528000
DL_18_2022-12-05,117.45816605845300
DL_18_2022-12-06,126.54441638884
DL_18_2022-12-07,129.64822236165500
DL_18_2022-12-08,132.94515445994300
DL_18_2022-12-09,131.56873072638100
DL_18_2022-12-10,130.3266144741090
DL_18_2022-12-11,129.4168273459970
DL_18_2022-12-12,128.43942586602100
DL_18_2022-12-13,127.3392326093660
DL_18_2022-12-14,126.58716200471000
DL_18_2022-12-15,126.03016515139600
DL_18_2022-12-16,125.69408188388500
DL_18_2022-12-17,125.49959298315200
DL_18_2022-12-18,125.36234114191700
DL_18_2022-12-19,125.23228919619800
DL_18_2022-12-20,125.10388256908800
DL_18_2022-12-21,124.96001257340300
DL_18_2022-12-22,124.79591899212900
DL_18_2022-12-23,124.6124867221510
DL_18_2022-12-24,124.41405452554200
DL_18_2022-12-25,124.20590326850400
DL_18_2022-12-26,123.99348736019100
DL_18_2022-12-27,123.77999902703400
DL_18_2022-12-28,123.56733746164900
DL_18_2022-12-29,123.35645996271300
DL_18_2022-12-30,123.14763275129800
DL_18_2022-12-31,122.94064392949900
DL_19_2022-12-04,193.43356822261600
DL_19_2022-12-05,180.32748142733500
DL_19_2022-12-06,172.89760480511900
DL_19_2022-12-07,167.86395573000800
DL_19_2022-12-08,164.05915956760100
DL_19_2022-12-09,162.53424002719600
DL_19_2022-12-10,162.2180777909160
DL_19_2022-12-11,162.37962431825600
DL_19_2022-12-12,162.7385222249640
DL_19_2022-12-13,163.03972666067500
DL_19_2022-12-14,163.18144222393500
DL_19_2022-12-15,163.1803482031790
DL_19_2022-12-16,163.07626045760400
DL_19_2022-12-17,162.91330270561500
DL_19_2022-12-18,162.72848859165700
DL_19_2022-12-19,162.54351036493600
DL_19_2022-12-20,162.3677642608180
DL_19_2022-12-21,162.20306497609600
DL_19_2022-12-22,162.04722422640100
DL_19_2022-12-23,161.89689873139500
DL_19_2022-12-24,161.74917811669800
DL_19_2022-12-25,161.60211096141000
DL_19_2022-12-26,161.45469159892400
DL_19_2022-12-27,161.30660384092500
DL_19_2022-12-28,161.15791761604700
DL_19_2022-12-29,161.00885286726900
DL_19_2022-12-30,160.85963623120400
DL_19_2022-12-31,160.7104359900480
DL_21_2022-12-04,194.65588784275700
DL_21_2022-12-05,191.32354894213900
DL_21_2022-12-06,189.08336905062300
DL_21_2022-12-07,189.20457281836900
DL_21_2022-12-08,189.49946093652400
DL_21_2022-12-09,189.70319904177900
DL_21_2022-12-10,189.9288598990390
DL_21_2022-12-11,189.98969690785200
DL_21_2022-12-12,189.9702588798930
DL_21_2022-12-13,189.89411133078400
DL_21_2022-12-14,189.77566013047600
DL_21_2022-12-15,189.645584785105
DL_21_2022-12-16,189.51196516606800
DL_21_2022-12-17,189.38007250102700
DL_21_2022-12-18,189.25195422644400
DL_21_2022-12-19,189.1265415212310
DL_21_2022-12-20,189.0030966136660
DL_21_2022-12-21,188.8807640323880
DL_21_2022-12-22,188.7589039121130
DL_21_2022-12-23,188.6372151486580
DL_21_2022-12-24,188.51553557582700
DL_21_2022-12-25,188.39382313102200
DL_21_2022-12-26,188.272090379334
DL_21_2022-12-27,188.15036103085000
DL_21_2022-12-28,188.02866019709200
DL_21_2022-12-29,187.90700523138300
DL_21_2022-12-30,187.78540590774800
DL_21_2022-12-31,187.66386688406300
DL_23_2022-12-04,158.55957747410600
DL_23_2022-12-05,168.9980909954540
DL_23_2022-12-06,171.28496130483400
DL_23_2022-12-07,175.6256507840600
DL_23_2022-12-08,175.5942148603560
DL_23_2022-12-09,174.34980016394600
DL_23_2022-12-10,172.57525810341400
DL_23_2022-12-11,171.1259198618620
DL_23_2022-12-12,169.79266012225500
DL_23_2022-12-13,169.126283826921
DL_23_2022-12-14,168.7802256449630
DL_23_2022-12-15,168.7121384884570
DL_23_2022-12-16,168.8112293738670
DL_23_2022-12-17,169.01248567999400
DL_23_2022-12-18,169.21541666910500
DL_23_2022-12-19,169.40270426591600
DL_23_2022-12-20,169.54816898650800
DL_23_2022-12-21,169.65270770884500
DL_23_2022-12-22,169.72312902988700
DL_23_2022-12-23,169.77197348770600
DL_23_2022-12-24,169.80746770348700
DL_23_2022-12-25,169.83842442625700
DL_23_2022-12-26,169.86977191721800
DL_23_2022-12-27,169.9043192599340
DL_23_2022-12-28,169.9428223942240
DL_23_2022-12-29,169.98506970275200
DL_23_2022-12-30,170.0300753371960
DL_23_2022-12-31,170.07684599352700
DL_25_2022-12-04,94.91457656570670
DL_25_2022-12-05,108.32853944485500
DL_25_2022-12-06,114.60962744686700
DL_25_2022-12-07,116.31592712783300
DL_25_2022-12-08,118.24837469601200
DL_25_2022-12-09,118.99929629687200
DL_25_2022-12-10,118.64247823647100
DL_25_2022-12-11,118.61110307262400
DL_25_2022-12-12,118.87219218072100
DL_25_2022-12-13,119.09806903305500
DL_25_2022-12-14,119.1965832303660
DL_25_2022-12-15,119.22709577988100
DL_25_2022-12-16,119.200885345608
DL_25_2022-12-17,119.11056287906200
DL_25_2022-12-18,118.9863539746800
DL_25_2022-12-19,118.85315912636700
DL_25_2022-12-20,118.71664082428500
DL_25_2022-12-21,118.57649262204200
DL_25_2022-12-22,118.43350265363400
DL_25_2022-12-23,118.28829813999900
DL_25_2022-12-24,118.14067886958200
DL_25_2022-12-25,117.99092768291100
DL_25_2022-12-26,117.83981725796600
DL_25_2022-12-27,117.68796858251300
DL_25_2022-12-28,117.53572055100000
DL_25_2022-12-29,117.38327255870000
DL_25_2022-12-30,117.2307480857470
DL_25_2022-12-31,117.07820319327300
DL_26_2022-12-04,143.52296299359500
DL_26_2022-12-05,154.38157751470400
DL_26_2022-12-06,157.8253997751140
DL_26_2022-12-07,159.09149362303400
DL_26_2022-12-08,159.6118544697620
DL_26_2022-12-09,159.0919164786630
DL_26_2022-12-10,158.57285011028300
DL_26_2022-12-11,158.20269436494600
DL_26_2022-12-12,157.86523334821500
DL_26_2022-12-13,157.6009155901950
DL_26_2022-12-14,157.3977265082410
DL_26_2022-12-15,157.21721881349500
DL_26_2022-12-16,157.05136789885200
DL_26_2022-12-17,156.89295249806300
DL_26_2022-12-18,156.7349507841470
DL_26_2022-12-19,156.5760697211980
DL_26_2022-12-20,156.41628928572000
DL_26_2022-12-21,156.25557516654600
DL_26_2022-12-22,156.09433079262200
DL_26_2022-12-23,155.9328876291070
DL_26_2022-12-24,155.7713952197550
DL_26_2022-12-25,155.60995742030600
DL_26_2022-12-26,155.44862867494200
DL_26_2022-12-27,155.28742238921200
DL_26_2022-12-28,155.12634067512800
DL_26_2022-12-29,154.96538082193400
DL_26_2022-12-30,154.8045378513870
DL_26_2022-12-31,154.64380810724100
DL_27_2022-12-04,200.22193300433500
DL_27_2022-12-05,192.91711192721600
DL_27_2022-12-06,185.71813121083900
DL_27_2022-12-07,182.84063329651100
DL_27_2022-12-08,183.31017688822800
DL_27_2022-12-09,184.5402019716630
DL_27_2022-12-10,185.15318687337200
DL_27_2022-12-11,185.22873365398200
DL_27_2022-12-12,184.93112397130300
DL_27_2022-12-13,184.50937645856000
DL_27_2022-12-14,184.16945833323800
DL_27_2022-12-15,183.9643863929610
DL_27_2022-12-16,183.83975978032000
DL_27_2022-12-17,183.739553657451
DL_27_2022-12-18,183.6320846530420
DL_27_2022-12-19,183.50768552598000
DL_27_2022-12-20,183.37113467427400
DL_27_2022-12-21,183.23144994399400
DL_27_2022-12-22,183.0941973605500
DL_27_2022-12-23,182.9605975930750
DL_27_2022-12-24,182.82955073239600
DL_27_2022-12-25,182.6994842999950
DL_27_2022-12-26,182.56933839836600
DL_27_2022-12-27,182.4387879695610
DL_27_2022-12-28,182.3079663767660
DL_27_2022-12-29,182.17711567550400
DL_27_2022-12-30,182.04639637198400
DL_27_2022-12-31,181.91585360271300
DL_29_2022-12-04,108.76002823575200
DL_29_2022-12-05,117.45186622262600
DL_29_2022-12-06,118.39428165524600
DL_29_2022-12-07,114.14230639808400
DL_29_2022-12-08,115.0842302672590
DL_29_2022-12-09,116.0140453960210
DL_29_2022-12-10,115.83223449647900
DL_29_2022-12-11,115.92013220004800
DL_29_2022-12-12,116.20898041607800
DL_29_2022-12-13,116.07789633309100
DL_29_2022-12-14,115.87471947898700
DL_29_2022-12-15,115.7519523560950
DL_29_2022-12-16,115.6156703390750
DL_29_2022-12-17,115.46001910836600
DL_29_2022-12-18,115.3249199363850
DL_29_2022-12-19,115.19057047726600
DL_29_2022-12-20,115.04554684607800
DL_29_2022-12-21,114.89827455789900
DL_29_2022-12-22,114.75148333299500
DL_29_2022-12-23,114.60325995540100
DL_29_2022-12-24,114.45491878117100
DL_29_2022-12-25,114.30737047645900
DL_29_2022-12-26,114.1600179537150
DL_29_2022-12-27,114.0126150513610
DL_29_2022-12-28,113.86533095908300
DL_29_2022-12-29,113.71815029961200
DL_29_2022-12-30,113.57104652955400
DL_29_2022-12-31,113.4240811099270
DL_30_2022-12-04,89.56802192053790
DL_30_2022-12-05,97.63099119499790
DL_30_2022-12-06,101.06979285535900
DL_30_2022-12-07,101.55376381629200
DL_30_2022-12-08,101.1767763201660
DL_30_2022-12-09,100.89287200339800
DL_30_2022-12-10,100.49176066107100
DL_30_2022-12-11,100.16972369987200
DL_30_2022-12-12,99.98307595019250
DL_30_2022-12-13,99.85355374845410
DL_30_2022-12-14,99.7309147484905
DL_30_2022-12-15,99.60070171225910
DL_30_2022-12-16,99.4616266139853
DL_30_2022-12-17,99.31344940100540
DL_30_2022-12-18,99.15936903721820
DL_30_2022-12-19,99.00315828222950
DL_30_2022-12-20,98.84680001758090
DL_30_2022-12-21,98.69097209339610
DL_30_2022-12-22,98.53578870002810
DL_30_2022-12-23,98.38113912042100
DL_30_2022-12-24,98.2268442308963
DL_30_2022-12-25,98.07277105705330
DL_30_2022-12-26,97.91885981268260
DL_30_2022-12-27,97.76509669195830
DL_30_2022-12-28,97.61148775399920
DL_30_2022-12-29,97.4580443957846
DL_30_2022-12-30,97.30477614701970
DL_30_2022-12-31,97.1516883203259
DL_32_2022-12-04,153.77122976130200
DL_32_2022-12-05,152.81036316020200
DL_32_2022-12-06,148.7993820873740
DL_32_2022-12-07,145.5958192405290
DL_32_2022-12-08,142.89261035741800
DL_32_2022-12-09,140.64834943071000
DL_32_2022-12-10,140.26069170127200
DL_32_2022-12-11,140.687946070826
DL_32_2022-12-12,141.3055469523270
DL_32_2022-12-13,141.83658932412200
DL_32_2022-12-14,142.21893634643700
DL_32_2022-12-15,142.40569840270900
DL_32_2022-12-16,142.4293606681950
DL_32_2022-12-17,142.3848271547140
DL_32_2022-12-18,142.33747553169700
DL_32_2022-12-19,142.3147713408640
DL_32_2022-12-20,142.32287022460100
DL_32_2022-12-21,142.3571282187860
DL_32_2022-12-22,142.40629497566900
DL_32_2022-12-23,142.45930407181900
DL_32_2022-12-24,142.50968452013400
DL_32_2022-12-25,142.55527561105700
DL_32_2022-12-26,142.59647541835200
DL_32_2022-12-27,142.63484548008500
DL_32_2022-12-28,142.6721109659780
DL_32_2022-12-29,142.7095007329250
DL_32_2022-12-30,142.74757251188200
DL_32_2022-12-31,142.78638056145300
DL_35_2022-12-04,127.60217619151900
DL_35_2022-12-05,140.12512924138800
DL_35_2022-12-06,145.18618321139100
DL_35_2022-12-07,147.0318420312820
DL_35_2022-12-08,154.503536284248
DL_35_2022-12-09,152.72223699296200
DL_35_2022-12-10,149.89993660896300
DL_35_2022-12-11,148.52726325337400
DL_35_2022-12-12,147.2802384301150
DL_35_2022-12-13,145.7245645626700
DL_35_2022-12-14,145.18416278970200
DL_35_2022-12-15,144.56444408799900
DL_35_2022-12-16,144.0883512432060
DL_35_2022-12-17,143.95146443926900
DL_35_2022-12-18,143.96229425159400
DL_35_2022-12-19,143.91183595750800
DL_35_2022-12-20,143.89008468535800
DL_35_2022-12-21,143.8267918816440
DL_35_2022-12-22,143.71417976177800
DL_35_2022-12-23,143.57918292668200
DL_35_2022-12-24,143.42768622796800
DL_35_2022-12-25,143.25039413948800
DL_35_2022-12-26,143.06563926056600
DL_35_2022-12-27,142.87936893899100
DL_35_2022-12-28,142.6936821796680
DL_35_2022-12-29,142.51160033482400
DL_35_2022-12-30,142.33429099189700
DL_35_2022-12-31,142.15972006796100
DL_38_2022-12-04,144.89969489622800
DL_38_2022-12-05,146.47925553586100
DL_38_2022-12-06,143.80850782106200
DL_38_2022-12-07,144.38351633846000
DL_38_2022-12-08,145.1352402910030
DL_38_2022-12-09,144.93173580060800
DL_38_2022-12-10,144.824945098967
DL_38_2022-12-11,144.42658268000600
DL_38_2022-12-12,143.795321186622
DL_38_2022-12-13,143.47564724732100
DL_38_2022-12-14,143.3003254287960
DL_38_2022-12-15,143.1017931210780
DL_38_2022-12-16,142.94621043243000
DL_38_2022-12-17,142.80278786129800
DL_38_2022-12-18,142.64154102963400
DL_38_2022-12-19,142.49464431906800
DL_38_2022-12-20,142.35668719185600
DL_38_2022-12-21,142.21225019253900
DL_38_2022-12-22,142.06677527823400
DL_38_2022-12-23,141.92103733867100
DL_38_2022-12-24,141.77249875628300
DL_38_2022-12-25,141.62371637068800
DL_38_2022-12-26,141.47547967819100
DL_38_2022-12-27,141.32681135068600
DL_38_2022-12-28,141.17812509134700
DL_38_2022-12-29,141.02970223580400
DL_38_2022-12-30,140.8813120424360
DL_38_2022-12-31,140.7330591982120
DL_39_2022-12-04,112.69308194696300
DL_39_2022-12-05,119.12372490949500
DL_39_2022-12-06,122.12092493061900
DL_39_2022-12-07,120.92411038089400
DL_39_2022-12-08,119.81029476938300
DL_39_2022-12-09,118.56867287773500
DL_39_2022-12-10,117.47529713602300
DL_39_2022-12-11,116.836356621616
DL_39_2022-12-12,116.59975865787800
DL_39_2022-12-13,116.63777286790500
DL_39_2022-12-14,116.75606547529600
DL_39_2022-12-15,116.87931469152500
DL_39_2022-12-16,116.96642089489300
DL_39_2022-12-17,117.00113777411100
DL_39_2022-12-18,116.9923812409540
DL_39_2022-12-19,116.95730882649700
DL_39_2022-12-20,116.912616176717
DL_39_2022-12-21,116.86827582178500
DL_39_2022-12-22,116.82899603281600
DL_39_2022-12-23,116.79576064615600
DL_39_2022-12-24,116.7672624944330
DL_39_2022-12-25,116.74148862438300
DL_39_2022-12-26,116.71667618907700
DL_39_2022-12-27,116.6917204930900
DL_39_2022-12-28,116.6661341385760
DL_39_2022-12-29,116.63986195789700
DL_39_2022-12-30,116.61307746143400
DL_39_2022-12-31,116.58601366305200
DL_40_2022-12-04,132.06368200663700
DL_40_2022-12-05,137.61423470426200
DL_40_2022-12-06,141.4480597450200
DL_40_2022-12-07,142.2801312765200
DL_40_2022-12-08,141.97194606590300
DL_40_2022-12-09,142.10373137080800
DL_40_2022-12-10,141.63850018298600
DL_40_2022-12-11,141.16113507972300
DL_40_2022-12-12,140.84136261333000
DL_40_2022-12-13,140.64212191388000
DL_40_2022-12-14,140.52760999840500
DL_40_2022-12-15,140.400304362883
DL_40_2022-12-16,140.27806970656900
DL_40_2022-12-17,140.15299630798300
DL_40_2022-12-18,140.01699726658800
DL_40_2022-12-19,139.87537872336200
DL_40_2022-12-20,139.73005782701100
DL_40_2022-12-21,139.58525013301600
DL_40_2022-12-22,139.4413312323600
DL_40_2022-12-23,139.29802428002700
DL_40_2022-12-24,139.1554827463800
DL_40_2022-12-25,139.01334951596300
DL_40_2022-12-26,138.87146071846500
DL_40_2022-12-27,138.72966462649100
DL_40_2022-12-28,138.5879208569480
DL_40_2022-12-29,138.4462636219390
DL_40_2022-12-30,138.30470411091600
DL_40_2022-12-31,138.16326249502400
DL_41_2022-12-04,132.34467143782200
DL_41_2022-12-05,138.94406785208100
DL_41_2022-12-06,140.40462680671900
DL_41_2022-12-07,142.00040007335500
DL_41_2022-12-08,141.03367695857100
DL_41_2022-12-09,139.68051217178700
DL_41_2022-12-10,138.32291538282000
DL_41_2022-12-11,137.29064756637100
DL_41_2022-12-12,136.4723248910660
DL_41_2022-12-13,136.0470080509400
DL_41_2022-12-14,135.81972242490600
DL_41_2022-12-15,135.70195448198400
DL_41_2022-12-16,135.6234673644600
DL_41_2022-12-17,135.55374495174600
DL_41_2022-12-18,135.45748453292100
DL_41_2022-12-19,135.3352352716420
DL_41_2022-12-20,135.19013156627400
DL_41_2022-12-21,135.02922439751300
DL_41_2022-12-22,134.85895619254700
DL_41_2022-12-23,134.6858129350020
DL_41_2022-12-24,134.512889998412
DL_41_2022-12-25,134.3418636813320
DL_41_2022-12-26,134.17314101153800
DL_41_2022-12-27,134.00646908734500
DL_41_2022-12-28,133.84122106995200
DL_41_2022-12-29,133.67685421825100
DL_41_2022-12-30,133.51293313873300
DL_41_2022-12-31,133.34918714285600
KA_7_2022-12-04,41.71989262395290
KA_7_2022-12-05,45.165818294743500
KA_7_2022-12-06,46.3934747962866
KA_7_2022-12-07,48.11458296041600
KA_7_2022-12-08,48.85287094047480
KA_7_2022-12-09,49.48664545545060
KA_7_2022-12-10,50.2773035422869
KA_7_2022-12-11,50.96761913425030
KA_7_2022-12-12,51.40828798606800
KA_7_2022-12-13,51.79068980774330
KA_7_2022-12-14,52.098456168555000
KA_7_2022-12-15,52.33129886746220
KA_7_2022-12-16,52.51718837916520
KA_7_2022-12-17,52.673029385958400
KA_7_2022-12-18,52.79336322112760
KA_7_2022-12-19,52.88757567837190
KA_7_2022-12-20,52.96252076564240
KA_7_2022-12-21,53.02127756578490
KA_7_2022-12-22,53.0665973203787
KA_7_2022-12-23,53.10192117648830
KA_7_2022-12-24,53.129057561446900
KA_7_2022-12-25,53.149531477583300
KA_7_2022-12-26,53.164754373203200
KA_7_2022-12-27,53.17582556359790
KA_7_2022-12-28,53.183534592359200
KA_7_2022-12-29,53.18857551870640
KA_7_2022-12-30,53.19149635888310
KA_7_2022-12-31,53.19272070992540
KA_9_2022-12-04,61.52285802864150
KA_9_2022-12-05,60.01285344008530
KA_9_2022-12-06,60.399026228734200
KA_9_2022-12-07,59.9497433295238
KA_9_2022-12-08,58.969940497498000
KA_9_2022-12-09,58.774431328174100
KA_9_2022-12-10,59.19768018435500
KA_9_2022-12-11,59.41301621801930
KA_9_2022-12-12,59.506748238933600
KA_9_2022-12-13,59.526994762999700
KA_9_2022-12-14,59.475515551974400
KA_9_2022-12-15,59.42670465243880
KA_9_2022-12-16,59.42849040087360
KA_9_2022-12-17,59.46472183285160
KA_9_2022-12-18,59.50708583960100
KA_9_2022-12-19,59.542839073164300
KA_9_2022-12-20,59.56853647390810
KA_9_2022-12-21,59.58773581150120
KA_9_2022-12-22,59.60684294835010
KA_9_2022-12-23,59.62942837927800
KA_9_2022-12-24,59.65527249981930
KA_9_2022-12-25,59.682586931293
KA_9_2022-12-26,59.70982367754810
KA_9_2022-12-27,59.73634261775470
KA_9_2022-12-28,59.762325049640500
KA_9_2022-12-29,59.78826110868060
KA_9_2022-12-30,59.81448965017980
KA_9_2022-12-31,59.84106589749890
KA_10_2022-12-04,27.147931304721500
KA_10_2022-12-05,32.612131268078200
KA_10_2022-12-06,36.45087685449910
KA_10_2022-12-07,40.01138953247100
KA_10_2022-12-08,42.55965971324750
KA_10_2022-12-09,44.801154316521100
KA_10_2022-12-10,46.151918596705800
KA_10_2022-12-11,46.63706008943970
KA_10_2022-12-12,46.77283969494210
KA_10_2022-12-13,46.64829417069340
KA_10_2022-12-14,46.43852854198330
KA_10_2022-12-15,46.21407616199520
KA_10_2022-12-16,45.99825016955220
KA_10_2022-12-17,45.83588365418530
KA_10_2022-12-18,45.72277613140000
KA_10_2022-12-19,45.652305854880000
KA_10_2022-12-20,45.61626062828190
KA_10_2022-12-21,45.60192714108690
KA_10_2022-12-22,45.60205065011780
KA_10_2022-12-23,45.609697631303400
KA_10_2022-12-24,45.61992843358210
KA_10_2022-12-25,45.630224311794500
KA_10_2022-12-26,45.638965732875300
KA_10_2022-12-27,45.64571050650240
KA_10_2022-12-28,45.650533417576800
KA_10_2022-12-29,45.65372104015160
KA_10_2022-12-30,45.65572101038010
KA_10_2022-12-31,45.656928261799800
KA_11_2022-12-04,53.039255605051100
KA_11_2022-12-05,55.437646883867800
KA_11_2022-12-06,55.09352778543020
KA_11_2022-12-07,54.35279009407650
KA_11_2022-12-08,54.61957953426950
KA_11_2022-12-09,55.50645018983020
KA_11_2022-12-10,56.30530035263320
KA_11_2022-12-11,56.73048085029340
KA_11_2022-12-12,56.89588275853110
KA_11_2022-12-13,57.010991122389100
KA_11_2022-12-14,57.172197175630400
KA_11_2022-12-15,57.35564434039840
KA_11_2022-12-16,57.51192142716490
KA_11_2022-12-17,57.62367010064930
KA_11_2022-12-18,57.703734704280200
KA_11_2022-12-19,57.77053231794110
KA_11_2022-12-20,57.83272642245360
KA_11_2022-12-21,57.88989736277240
KA_11_2022-12-22,57.93962118521150
KA_11_2022-12-23,57.98171072321520
KA_11_2022-12-24,58.01802079783090
KA_11_2022-12-25,58.050595121377600
KA_11_2022-12-26,58.08058982323300
KA_11_2022-12-27,58.10839192667190
KA_11_2022-12-28,58.13417193873820
KA_11_2022-12-29,58.15820577270440
KA_11_2022-12-30,58.1808641690202
KA_11_2022-12-31,58.20248311826940
KA_14_2022-12-04,44.31594025667490
KA_14_2022-12-05,49.94904568432510
KA_14_2022-12-06,53.436813306631100
KA_14_2022-12-07,55.001985743842700
KA_14_2022-12-08,55.05770941252500
KA_14_2022-12-09,54.465975741104100
KA_14_2022-12-10,54.429822397291100
KA_14_2022-12-11,54.88953471416160
KA_14_2022-12-12,55.486432316819000
KA_14_2022-12-13,56.00439963404660
KA_14_2022-12-14,56.35602068203030
KA_14_2022-12-15,56.514687389618900
KA_14_2022-12-16,56.5609591471826
KA_14_2022-12-17,56.58064142544130
KA_14_2022-12-18,56.608144364290100
KA_14_2022-12-19,56.64221791348050
KA_14_2022-12-20,56.67251242426320
KA_14_2022-12-21,56.68744907159980
KA_14_2022-12-22,56.68218561744140
KA_14_2022-12-23,56.660097073582900
KA_14_2022-12-24,56.627577930823800
KA_14_2022-12-25,56.58948826933510
KA_14_2022-12-26,56.54834297488420
KA_14_2022-12-27,56.504824169646600
KA_14_2022-12-28,56.45869645978880
KA_14_2022-12-29,56.40974395799090
KA_14_2022-12-30,56.358190418219000
KA_14_2022-12-31,56.30456454225760
MH_10_2022-12-04,72.7434503706147
MH_10_2022-12-05,71.72058261932660
MH_10_2022-12-06,71.42935716686340
MH_10_2022-12-07,69.17843494789590
MH_10_2022-12-08,69.21460634157100
MH_10_2022-12-09,70.97431284387420
MH_10_2022-12-10,71.27116492002060
MH_10_2022-12-11,70.89967331140510
MH_10_2022-12-12,70.5644884643896
MH_10_2022-12-13,70.31592498035890
MH_10_2022-12-14,70.31155141558330
MH_10_2022-12-15,70.35720102475870
MH_10_2022-12-16,70.30651228230580
MH_10_2022-12-17,70.2343602014727
MH_10_2022-12-18,70.18329770404280
MH_10_2022-12-19,70.15571809869300
MH_10_2022-12-20,70.14439822033680
MH_10_2022-12-21,70.12979332371490
MH_10_2022-12-22,70.10699597044470
MH_10_2022-12-23,70.08265338768790
MH_10_2022-12-24,70.0596441460938
MH_10_2022-12-25,70.03769510739710
MH_10_2022-12-26,70.01559345444350
MH_10_2022-12-27,69.99235091280990
MH_10_2022-12-28,69.96830912975110
MH_10_2022-12-29,69.94417773805310
MH_10_2022-12-30,69.92019203559860
MH_10_2022-12-31,69.89629766430510
MH_11_2022-12-04,42.61999864217530
MH_11_2022-12-05,43.54885496549860
MH_11_2022-12-06,44.82084380946550
MH_11_2022-12-07,45.00192303682510
MH_11_2022-12-08,44.99759643602940
MH_11_2022-12-09,45.120066130949300
MH_11_2022-12-10,45.22329722007400
MH_11_2022-12-11,45.227184078495700
MH_11_2022-12-12,45.196580237529100
MH_11_2022-12-13,45.19814180404620
MH_11_2022-12-14,45.213342174322200
MH_11_2022-12-15,45.21932188950170
MH_11_2022-12-16,45.21460115725320
MH_11_2022-12-17,45.20711817341310
MH_11_2022-12-18,45.19908363631950
MH_11_2022-12-19,45.18925427424680
MH_11_2022-12-20,45.17773465854600
MH_11_2022-12-21,45.16555078472120
MH_11_2022-12-22,45.15320330120570
MH_11_2022-12-23,45.14057827076170
MH_11_2022-12-24,45.12759843859700
MH_11_2022-12-25,45.114366200314400
MH_11_2022-12-26,45.10099219628370
MH_11_2022-12-27,45.08751785638870
MH_11_2022-12-28,45.073959309140600
MH_11_2022-12-29,45.060340597169200
MH_11_2022-12-30,45.046684632560700
MH_11_2022-12-31,45.0330038501785
MH_12_2022-12-04,48.61719556714900
MH_12_2022-12-05,55.65407854356820
MH_12_2022-12-06,60.35263462700740
MH_12_2022-12-07,61.747917313061600
MH_12_2022-12-08,60.93648760001190
MH_12_2022-12-09,60.91481371115380
MH_12_2022-12-10,62.3634407075151
MH_12_2022-12-11,63.27682014386050
MH_12_2022-12-12,63.62443581239030
MH_12_2022-12-13,63.628593265091400
MH_12_2022-12-14,63.44297837639610
MH_12_2022-12-15,63.30163597446780
MH_12_2022-12-16,63.30136457891800
MH_12_2022-12-17,63.27265975226490
MH_12_2022-12-18,63.189219146994500
MH_12_2022-12-19,63.08164175941790
MH_12_2022-12-20,62.96609870069810
MH_12_2022-12-21,62.85658297527860
MH_12_2022-12-22,62.76148071213720
MH_12_2022-12-23,62.666898339438500
MH_12_2022-12-24,62.56799388997830
MH_12_2022-12-25,62.467512294930100
MH_12_2022-12-26,62.36719611478680
MH_12_2022-12-27,62.267726753480000
MH_12_2022-12-28,62.169680886977600
MH_12_2022-12-29,62.07197112841050
MH_12_2022-12-30,61.974007410488200
MH_12_2022-12-31,61.87600695888200
MH_13_2022-12-04,31.52998104568080
MH_13_2022-12-05,29.457081952605300
MH_13_2022-12-06,28.589714380510800
MH_13_2022-12-07,27.50352629529340
MH_13_2022-12-08,29.007599465266100
MH_13_2022-12-09,27.595733741814200
MH_13_2022-12-10,28.38659102133390
MH_13_2022-12-11,28.896555169422300
MH_13_2022-12-12,28.846855081223000
MH_13_2022-12-13,28.468720676688000
MH_13_2022-12-14,28.592577469256100
MH_13_2022-12-15,28.166508406639800
MH_13_2022-12-16,28.21071344292120
MH_13_2022-12-17,28.1264307430713
MH_13_2022-12-18,28.0397854309269
MH_13_2022-12-19,27.96082328460340
MH_13_2022-12-20,27.969589513594300
MH_13_2022-12-21,27.84450547522790
MH_13_2022-12-22,27.803683119147200
MH_13_2022-12-23,27.71836871788080
MH_13_2022-12-24,27.64104234051810
MH_13_2022-12-25,27.564489018820900
MH_13_2022-12-26,27.50353948528170
MH_13_2022-12-27,27.420105342821000
MH_13_2022-12-28,27.357899375392400
MH_13_2022-12-29,27.284994809659200
MH_13_2022-12-30,27.21491386710810
MH_13_2022-12-31,27.143732485845500
MH_14_2022-12-04,58.73214525052100
MH_14_2022-12-05,57.116145449151900
MH_14_2022-12-06,56.427438292213800
MH_14_2022-12-07,59.149886591882400
MH_14_2022-12-08,61.34433363198
MH_14_2022-12-09,60.773457237916100
MH_14_2022-12-10,60.00198415814860
MH_14_2022-12-11,59.20990547289000
MH_14_2022-12-12,58.748004691144900
MH_14_2022-12-13,58.91795731449160
MH_14_2022-12-14,59.02280092827390
MH_14_2022-12-15,58.77209550842630
MH_14_2022-12-16,58.52619650132760
MH_14_2022-12-17,58.33364910803910
MH_14_2022-12-18,58.23257954448490
MH_14_2022-12-19,58.24188428451830
MH_14_2022-12-20,58.24046649954760
MH_14_2022-12-21,58.18441229514650
MH_14_2022-12-22,58.12562944212820
MH_14_2022-12-23,58.074903200856000
MH_14_2022-12-24,58.03711211420240
MH_14_2022-12-25,58.012122475844800
MH_14_2022-12-26,57.98082339861130
MH_14_2022-12-27,57.937923240962900
MH_14_2022-12-28,57.892366914386100
MH_14_2022-12-29,57.84715697889910
MH_14_2022-12-30,57.80347383021270
MH_14_2022-12-31,57.76117721170620
MH_15_2022-12-04,94.59995384918250
MH_15_2022-12-05,90.35021960345390
MH_15_2022-12-06,87.3826982448094
MH_15_2022-12-07,85.63449239739800
MH_15_2022-12-08,85.15208629744930
MH_15_2022-12-09,85.18614663028530
MH_15_2022-12-10,85.58569887400040
MH_15_2022-12-11,86.25892105175890
MH_15_2022-12-12,86.88455032901280
MH_15_2022-12-13,87.32606542789430
MH_15_2022-12-14,87.58247207218480
MH_15_2022-12-15,87.69648994570250
MH_15_2022-12-16,87.74633037534970
MH_15_2022-12-17,87.7904648744804
MH_15_2022-12-18,87.85608881849500
MH_15_2022-12-19,87.95437552246160
MH_15_2022-12-20,88.08255764002280
MH_15_2022-12-21,88.23011441859610
MH_15_2022-12-22,88.38614800623700
MH_15_2022-12-23,88.54213989991660
MH_15_2022-12-24,88.69342741464070
MH_15_2022-12-25,88.83904757649730
MH_15_2022-12-26,88.98018284733960
MH_15_2022-12-27,89.11881958077740
MH_15_2022-12-28,89.25683384576860
MH_15_2022-12-29,89.39548038587080
MH_15_2022-12-30,89.53532203763090
MH_15_2022-12-31,89.67638870397350
MH_16_2022-12-04,38.94212141323490
MH_16_2022-12-05,40.848988086199400
MH_16_2022-12-06,42.76478881317070
MH_16_2022-12-07,42.36592344615390
MH_16_2022-12-08,43.00680960563950
MH_16_2022-12-09,42.31155573641530
MH_16_2022-12-10,43.65261861779890
MH_16_2022-12-11,43.10736592877150
MH_16_2022-12-12,42.53987318722120
MH_16_2022-12-13,42.008511464418000
MH_16_2022-12-14,42.16986326016810
MH_16_2022-12-15,42.06734644098810
MH_16_2022-12-16,42.264804949112
MH_16_2022-12-17,42.19319691069600
MH_16_2022-12-18,42.29014970487290
MH_16_2022-12-19,42.270465035033500
MH_16_2022-12-20,42.253548144259500
MH_16_2022-12-21,42.115096148701900
MH_16_2022-12-22,42.0566469606505
MH_16_2022-12-23,41.97426154918610
MH_16_2022-12-24,41.952182856232100
MH_16_2022-12-25,41.91383777081680
MH_16_2022-12-26,41.899343115477300
MH_16_2022-12-27,41.86819422791680
MH_16_2022-12-28,41.846143765874800
MH_16_2022-12-29,41.802772101644800
MH_16_2022-12-30,41.76203466437250
MH_16_2022-12-31,41.713537353555900
MH_17_2022-12-04,48.017322282091600
MH_17_2022-12-05,49.53893670186570
MH_17_2022-12-06,50.08834987769940
MH_17_2022-12-07,50.36755375871530
MH_17_2022-12-08,50.47712584578850
MH_17_2022-12-09,50.440875255403800
MH_17_2022-12-10,50.34604625260460
MH_17_2022-12-11,50.24112209265290
MH_17_2022-12-12,50.14429544110820
MH_17_2022-12-13,50.06130210719590
MH_17_2022-12-14,49.991224126671400
MH_17_2022-12-15,49.930336079852400
MH_17_2022-12-16,49.874810409641500
MH_17_2022-12-17,49.82179534610660
MH_17_2022-12-18,49.76953815692770
MH_17_2022-12-19,49.71716513202530
MH_17_2022-12-20,49.66437667343820
MH_17_2022-12-21,49.611177742007900
MH_17_2022-12-22,49.55769279870950
MH_17_2022-12-23,49.50406214256110
MH_17_2022-12-24,49.45039665489090
MH_17_2022-12-25,49.39676725995580
MH_17_2022-12-26,49.34321091406270
MH_17_2022-12-27,49.289741636570900
MH_17_2022-12-28,49.236360732393700
MH_17_2022-12-29,49.18306409197460
MH_17_2022-12-30,49.12984647167350
MH_17_2022-12-31,49.07670348406030
TN_5_2022-12-04,136.40342253586000
TN_5_2022-12-05,133.2132141199500
TN_5_2022-12-06,134.2018829264150
TN_5_2022-12-07,129.56809497058200
TN_5_2022-12-08,127.58923756716200
TN_5_2022-12-09,128.52480063735800
TN_5_2022-12-10,129.40508895458800
TN_5_2022-12-11,130.42622340529700
TN_5_2022-12-12,130.94605345905300
TN_5_2022-12-13,131.82624546837400
TN_5_2022-12-14,132.19302646787500
TN_5_2022-12-15,132.18712730236900
TN_5_2022-12-16,132.29255470126800
TN_5_2022-12-17,132.45192161720200
TN_5_2022-12-18,132.72820011407400
TN_5_2022-12-19,133.02484962186000
TN_5_2022-12-20,133.40795431871200
TN_5_2022-12-21,133.82802410741700
TN_5_2022-12-22,134.21645060199500
TN_5_2022-12-23,134.58852654870000
TN_5_2022-12-24,134.9425139429030
TN_5_2022-12-25,135.29336068111300
TN_5_2022-12-26,135.6398840278800
TN_5_2022-12-27,135.99092110615200
TN_5_2022-12-28,136.35356237050600
TN_5_2022-12-29,136.72297748041500
TN_5_2022-12-30,137.09732025938000
TN_5_2022-12-31,137.47359945952200
TN_8_2022-12-04,53.908140855539200
TN_8_2022-12-05,53.652363414584700
TN_8_2022-12-06,53.05575927755320
TN_8_2022-12-07,53.746949784821100
TN_8_2022-12-08,53.986080233523200
TN_8_2022-12-09,53.85802009361040
TN_8_2022-12-10,53.922006356206200
TN_8_2022-12-11,53.91387740757810
TN_8_2022-12-12,53.8590808577001
TN_8_2022-12-13,53.740747933447100
TN_8_2022-12-14,53.6696014256507
TN_8_2022-12-15,53.63557492583200
TN_8_2022-12-16,53.58948429911940
TN_8_2022-12-17,53.55173388524020
TN_8_2022-12-18,53.52183893011880
TN_8_2022-12-19,53.49284926211580
TN_8_2022-12-20,53.45775025048050
TN_8_2022-12-21,53.41893620559830
TN_8_2022-12-22,53.38053123652860
TN_8_2022-12-23,53.34121987506210
TN_8_2022-12-24,53.30129607480900
TN_8_2022-12-25,53.26186415149620
TN_8_2022-12-26,53.223261854444000
TN_8_2022-12-27,53.18505291595830
TN_8_2022-12-28,53.14686315182030
TN_8_2022-12-29,53.108741105827800
TN_8_2022-12-30,53.07061658466400
TN_8_2022-12-31,53.03237776573710
WB_12_2022-12-04,45.72572555963280
WB_12_2022-12-05,45.01726300129960
WB_12_2022-12-06,44.19452650450930
WB_12_2022-12-07,43.842764150233600
WB_12_2022-12-08,43.964915308830300
WB_12_2022-12-09,44.152775442967500
WB_12_2022-12-10,44.244754154863400
WB_12_2022-12-11,44.21880481408210
WB_12_2022-12-12,44.12917246917730
WB_12_2022-12-13,44.05334029712490
WB_12_2022-12-14,44.0131363297613
WB_12_2022-12-15,43.99406193551640
WB_12_2022-12-16,43.977297269292200
WB_12_2022-12-17,43.95194740282900
WB_12_2022-12-18,43.9188459898189
WB_12_2022-12-19,43.883725801309700
WB_12_2022-12-20,43.8503928792371
WB_12_2022-12-21,43.81945933563250
WB_12_2022-12-22,43.78965338583570
WB_12_2022-12-23,43.75964499232470
WB_12_2022-12-24,43.72899085404650
WB_12_2022-12-25,43.69793291717
WB_12_2022-12-26,43.666862166937700
WB_12_2022-12-27,43.63598448363390
WB_12_2022-12-28,43.60528309339180
WB_12_2022-12-29,43.57465117669210
WB_12_2022-12-30,43.544012101090900
WB_12_2022-12-31,43.51335305513590
WB_13_2022-12-04,54.276157500829100
WB_13_2022-12-05,53.06989897414610
WB_13_2022-12-06,51.28519295478380
WB_13_2022-12-07,50.4531318612427
WB_13_2022-12-08,50.42145188567060
WB_13_2022-12-09,50.74425315234070
WB_13_2022-12-10,50.99732780894810
WB_13_2022-12-11,50.97415340121910
WB_13_2022-12-12,50.78028394632540
WB_13_2022-12-13,50.57702419255170
WB_13_2022-12-14,50.46055536060060
WB_13_2022-12-15,50.42939167667430
WB_13_2022-12-16,50.429518090792000
WB_13_2022-12-17,50.41449689521070
WB_13_2022-12-18,50.37034617211120
WB_13_2022-12-19,50.309053198423300
WB_13_2022-12-20,50.248329479929400
WB_13_2022-12-21,50.19737953023450
WB_13_2022-12-22,50.15500853992660
WB_13_2022-12-23,50.11525760573140
WB_13_2022-12-24,50.07344074198720
WB_13_2022-12-25,50.02850698874610
WB_13_2022-12-26,49.981964312139200
WB_13_2022-12-27,49.93568598711600
WB_13_2022-12-28,49.8905298359878
WB_13_2022-12-29,49.84626691816020
WB_13_2022-12-30,49.80224075761260
WB_13_2022-12-31,49.75798764696090
WB_14_2022-12-04,111.02892416964700
WB_14_2022-12-05,80.8901218206287
WB_14_2022-12-06,71.85552498085350
WB_14_2022-12-07,65.91294939441820
WB_14_2022-12-08,68.97337211287960
WB_14_2022-12-09,69.83377687993460
WB_14_2022-12-10,70.16762593825010
WB_14_2022-12-11,71.26124762521580
WB_14_2022-12-12,71.14149550074700
WB_14_2022-12-13,71.45661287593720
WB_14_2022-12-14,71.081796791962
WB_14_2022-12-15,70.57789392603350
WB_14_2022-12-16,70.27949787269530
WB_14_2022-12-17,69.92264768704690
WB_14_2022-12-18,69.73448707322480
WB_14_2022-12-19,69.51191428852270
WB_14_2022-12-20,69.28800736451620
WB_14_2022-12-21,69.08655509231330
WB_14_2022-12-22,68.86083347535550
WB_14_2022-12-23,68.64788767232230
WB_14_2022-12-24,68.42450166512630
WB_14_2022-12-25,68.19915285372470
WB_14_2022-12-26,67.97788222481190
WB_14_2022-12-27,67.75469436154350
WB_14_2022-12-28,67.53514750888330
WB_14_2022-12-29,67.31556616462570
WB_14_2022-12-30,67.09659631994100
WB_14_2022-12-31,66.87878991983830
WB_16_2022-12-04,49.151845408242300
WB_16_2022-12-05,49.31509678127460
WB_16_2022-12-06,48.46446077153540
WB_16_2022-12-07,46.3820442847103
WB_16_2022-12-08,46.60256232083640
WB_16_2022-12-09,47.32461396793600
WB_16_2022-12-10,47.17836451070260
WB_16_2022-12-11,47.0520658196053
WB_16_2022-12-12,46.82948457350850
WB_16_2022-12-13,46.718437775010800
WB_16_2022-12-14,46.918398639523200
WB_16_2022-12-15,47.04747263258980
WB_16_2022-12-16,47.03925671640030
WB_16_2022-12-17,47.00559606697350
WB_16_2022-12-18,46.955947869458400
WB_16_2022-12-19,46.94146882921040
WB_16_2022-12-20,46.95548967962450
WB_16_2022-12-21,46.95010152334150
WB_16_2022-12-22,46.932625147693900
WB_16_2022-12-23,46.91690707401480
WB_16_2022-12-24,46.905883292427000
WB_16_2022-12-25,46.90273865375120
WB_16_2022-12-26,46.90063134529980
WB_16_2022-12-27,46.8941499902838
WB_16_2022-12-28,46.88570853060150
WB_16_2022-12-29,46.877283334106700
WB_16_2022-12-30,46.869619525554500
WB_16_2022-12-31,46.862686894153000